Orig_City_State_Name,City_Name,State_Name,Pop_2010,Pop_2019,Pop_Num_Change,Pop_Percent_Change
"New York city, New York",New York,New York,"8,175,031","8,336,817","161,786",2.0
"Los Angeles city, California",Los Angeles,California,"3,793,139","3,979,576","186,437",4.9
"Chicago city, Illinois",Chicago,Illinois,"2,695,652","2,693,976","-1,676",-0.1
"Houston city, Texas",Houston,Texas,"2,095,517","2,320,268","224,751",10.7
"Phoenix city, Arizona",Phoenix,Arizona,"1,446,691","1,680,992","234,301",16.2
"Philadelphia city, Pennsylvania",Philadelphia,Pennsylvania,"1,526,012","1,584,064","58,052",3.8
"San Antonio city, Texas",San Antonio,Texas,"1,326,161","1,547,253","221,092",16.7
"San Diego city, California",San Diego,California,"1,301,929","1,423,851","121,922",9.4
"Dallas city, Texas",Dallas,Texas,"1,197,658","1,343,573","145,915",12.2
"San Jose city, California",San Jose,California,"952,528","1,021,795","69,267",7.3
"Austin city, Texas",Austin,Texas,"801,829","978,908","177,079",22.1
"Jacksonville city, Florida",Jacksonville,Florida,"821,750","911,507","89,757",10.9
"Fort Worth city, Texas",Fort Worth,Texas,"744,824","909,585","164,761",22.1
"Columbus city, Ohio",Columbus,Ohio,"789,018","898,553","109,535",13.9
"Charlotte city, North Carolina",Charlotte,North Carolina,"735,607","885,708","150,101",20.4
"San Francisco city, California",San Francisco,California,"805,184","881,549","76,365",9.5
"Indianapolis city (balance), Indiana",Indianapolis,Indiana,"820,457","876,384","55,927",6.8
"Seattle city, Washington",Seattle,Washington,"608,661","753,675","145,014",23.8
"Denver city, Colorado",Denver,Colorado,"599,825","727,211","127,386",21.2
"Washington city, District of Columbia",Washington,District of Columbia,"601,767","705,749","103,982",17.3
"Boston city, Massachusetts",Boston,Massachusetts,"617,792","692,600","74,808",12.1
"El Paso city, Texas",El Paso,Texas,"648,245","681,728","33,483",5.2
"Nashville-Davidson metropolitan government (balance), Tennessee",Nashville,Tennessee,"603,438","670,820","67,382",11.2
"Detroit city, Michigan",Detroit,Michigan,"713,898","670,031","-43,867",-6.1
"Oklahoma City city, Oklahoma",Oklahoma City,Oklahoma,"580,462","655,057","74,595",12.9
"Portland city, Oregon",Portland,Oregon,"583,793","654,741","70,948",12.2
"Las Vegas city, Nevada",Las Vegas,Nevada,"584,489","651,319","66,830",11.4
"Memphis city, Tennessee",Memphis,Tennessee,"651,873","651,073",-800,-0.1
"Louisville/Jefferson County metro government (balance), Kentucky",Louisville,Kentucky,"595,710","617,638","21,928",3.7
"Baltimore city, Maryland",Baltimore,Maryland,"620,770","593,490","-27,280",-4.4
"Milwaukee city, Wisconsin",Milwaukee,Wisconsin,"594,498","590,157","-4,341",-0.7
"Albuquerque city, New Mexico",Albuquerque,New Mexico,"546,153","560,513","14,360",2.6
"Tucson city, Arizona",Tucson,Arizona,"526,634","548,073","21,439",4.1
"Fresno city, California",Fresno,California,"497,172","531,576","34,404",6.9
"Mesa city, Arizona",Mesa,Arizona,"440,092","518,012","77,920",17.7
"Sacramento city, California",Sacramento,California,"466,383","513,624","47,241",10.1
"Atlanta city, Georgia",Atlanta,Georgia,"427,059","506,811","79,752",18.7
"Kansas City city, Missouri",Kansas City,Missouri,"459,902","495,327","35,425",7.7
"Colorado Springs city, Colorado",Colorado Springs,Colorado,"417,447","478,221","60,774",14.6
"Omaha city, Nebraska",Omaha,Nebraska,"458,989","478,192","19,203",4.2
"Raleigh city, North Carolina",Raleigh,North Carolina,"404,068","474,069","70,001",17.3
"Miami city, Florida",Miami,Florida,"399,481","467,963","68,482",17.1
"Long Beach city, California",Long Beach,California,"462,221","462,628",407,0.1
"Virginia Beach city, Virginia",Virginia Beach,Virginia,"437,903","449,974","12,071",2.8
"Oakland city, California",Oakland,California,"390,765","433,031","42,266",10.8
"Minneapolis city, Minnesota",Minneapolis,Minnesota,"382,603","429,606","47,003",12.3
"Tulsa city, Oklahoma",Tulsa,Oklahoma,"392,004","401,190","9,186",2.3
"Tampa city, Florida",Tampa,Florida,"336,150","399,700","63,550",18.9
"Arlington city, Texas",Arlington,Texas,"365,098","398,854","33,756",9.2
"New Orleans city, Louisiana",New Orleans,Louisiana,"343,828","390,144","46,316",13.5
"Wichita city, Kansas",Wichita,Kansas,"382,437","389,938","7,501",2.0
"Bakersfield city, California",Bakersfield,California,"347,817","384,145","36,328",10.4
"Cleveland city, Ohio",Cleveland,Ohio,"396,665","381,009","-15,656",-3.9
"Aurora city, Colorado",Aurora,Colorado,"324,659","379,289","54,630",16.8
"Anaheim city, California",Anaheim,California,"336,109","350,365","14,256",4.2
"Urban Honolulu CDP, Hawaii",Honolulu,Hawaii,"337,721","345,064","7,343",2.2
"Santa Ana city, California",Santa Ana,California,"324,774","332,318","7,544",2.3
"Riverside city, California",Riverside,California,"303,933","331,360","27,427",9.0
"Corpus Christi city, Texas",Corpus Christi,Texas,"305,226","326,586","21,360",7.0
"Lexington-Fayette urban county, Kentucky",Lexington-Fayette,Kentucky,"295,870","323,152","27,282",9.2
"Henderson city, Nevada",Henderson,Nevada,"257,001","320,189","63,188",24.6
"Stockton city, California",Stockton,California,"292,182","312,697","20,515",7.0
"St. Paul city, Minnesota",St. Paul,Minnesota,"285,112","308,096","22,984",8.1
"Cincinnati city, Ohio",Cincinnati,Ohio,"297,025","303,940","6,915",2.3
"St. Louis city, Missouri",St. Louis,Missouri,"319,289","300,576","-18,713",-5.9
"Pittsburgh city, Pennsylvania",Pittsburgh,Pennsylvania,"305,245","300,286","-4,959",-1.6
"Greensboro city, North Carolina",Greensboro,North Carolina,"268,936","296,710","27,774",10.3
"Lincoln city, Nebraska",Lincoln,Nebraska,"258,794","289,102","30,308",11.7
"Anchorage municipality, Alaska",Anchorage,Alaska,"291,836","288,000","-3,836",-1.3
"Plano city, Texas",Plano,Texas,"259,859","287,677","27,818",10.7
"Orlando city, Florida",Orlando,Florida,"238,836","287,442","48,606",20.4
"Irvine city, California",Irvine,California,"212,107","287,401","75,294",35.5
"Newark city, New Jersey",Newark,New Jersey,"277,135","282,011","4,876",1.8
"Durham city, North Carolina",Durham,North Carolina,"229,892","278,993","49,101",21.4
"Chula Vista city, California",Chula Vista,California,"243,923","274,492","30,569",12.5
"Toledo city, Ohio",Toledo,Ohio,"287,357","272,779","-14,578",-5.1
"Fort Wayne city, Indiana",Fort Wayne,Indiana,"253,739","270,402","16,663",6.6
"St. Petersburg city, Florida",St. Petersburg,Florida,"245,177","265,351","20,174",8.2
"Laredo city, Texas",Laredo,Texas,"235,780","262,491","26,711",11.3
"Jersey City city, New Jersey",Jersey City,New Jersey,"247,608","262,075","14,467",5.8
"Chandler city, Arizona",Chandler,Arizona,"236,157","261,165","25,008",10.6
"Madison city, Wisconsin",Madison,Wisconsin,"233,173","259,680","26,507",11.4
"Lubbock city, Texas",Lubbock,Texas,"229,943","258,862","28,919",12.6
"Scottsdale city, Arizona",Scottsdale,Arizona,"217,492","258,069","40,577",18.7
"Reno city, Nevada",Reno,Nevada,"225,317","255,601","30,284",13.4
"Buffalo city, New York",Buffalo,New York,"261,346","255,284","-6,062",-2.3
"Gilbert town, Arizona",Gilbert,Arizona,"208,462","254,114","45,652",21.9
"Glendale city, Arizona",Glendale,Arizona,"226,172","252,381","26,209",11.6
"North Las Vegas city, Nevada",North Las Vegas,Nevada,"216,667","251,974","35,307",16.3
"Winston-Salem city, North Carolina",Winston-Salem,North Carolina,"229,627","247,945","18,318",8.0
"Chesapeake city, Virginia",Chesapeake,Virginia,"222,311","244,835","22,524",10.1
"Norfolk city, Virginia",Norfolk,Virginia,"242,827","242,742",-85,-
"Fremont city, California",Fremont,California,"214,074","241,110","27,036",12.6
"Garland city, Texas",Garland,Texas,"226,908","239,928","13,020",5.7
"Irving city, Texas",Irving,Texas,"216,285","239,798","23,513",10.9
"Hialeah city, Florida",Hialeah,Florida,"224,704","233,339","8,635",3.8
"Richmond city, Virginia",Richmond,Virginia,"204,375","230,436","26,061",12.8
"Boise City city, Idaho",Boise City,Idaho,"209,384","228,959","19,575",9.3
"Spokane city, Washington",Spokane,Washington,"209,455","222,081","12,626",6.0
"Baton Rouge city, Louisiana",Baton Rouge,Louisiana,"229,423","220,236","-9,187",-4.0
"Tacoma city, Washington",Tacoma,Washington,"198,247","217,827","19,580",9.9
"San Bernardino city, California",San Bernardino,California,"210,422","215,784","5,362",2.5
"Modesto city, California",Modesto,California,"203,114","215,196","12,082",5.9
"Fontana city, California",Fontana,California,"196,458","214,547","18,089",9.2
"Des Moines city, Iowa",Des Moines,Iowa,"204,220","214,237","10,017",4.9
"Moreno Valley city, California",Moreno Valley,California,"193,305","213,055","19,750",10.2
"Santa Clarita city, California",Santa Clarita,California,"208,778","212,979","4,201",2.0
"Fayetteville city, North Carolina",Fayetteville,North Carolina,"200,565","211,657","11,092",5.5
"Birmingham city, Alabama",Birmingham,Alabama,"212,585","209,403","-3,182",-1.5
"Oxnard city, California",Oxnard,California,"198,047","208,881","10,834",5.5
"Rochester city, New York",Rochester,New York,"210,674","205,695","-4,979",-2.4
"Port St. Lucie city, Florida",Port St. Lucie,Florida,"164,203","201,846","37,643",22.9
"Grand Rapids city, Michigan",Grand Rapids,Michigan,"188,036","201,013","12,977",6.9
"Huntsville city, Alabama",Huntsville,Alabama,"180,395","200,574","20,179",11.2
"Salt Lake City city, Utah",Salt Lake City,Utah,"186,433","200,567","14,134",7.6
"Frisco city, Texas",Frisco,Texas,"117,174","200,490","83,316",71.1
"Yonkers city, New York",Yonkers,New York,"196,026","200,370","4,344",2.2
"Amarillo city, Texas",Amarillo,Texas,"190,666","199,371","8,705",4.6
"Glendale city, California",Glendale,California,"191,692","199,303","7,611",4.0
"Huntington Beach city, California",Huntington Beach,California,"191,038","199,223","8,185",4.3
"McKinney city, Texas",McKinney,Texas,"131,152","199,177","68,025",51.9
"Montgomery city, Alabama",Montgomery,Alabama,"205,501","198,525","-6,976",-3.4
"Augusta-Richmond County consolidated government (balance), Georgia",Augusta-Richmond,Georgia,"195,859","197,888","2,029",1.0
"Aurora city, Illinois",Aurora,Illinois,"197,975","197,757",-218,-0.1
"Akron city, Ohio",Akron,Ohio,"199,209","197,597","-1,612",-0.8
"Little Rock city, Arkansas",Little Rock,Arkansas,"193,538","197,312","3,774",2.0
"Tempe city, Arizona",Tempe,Arizona,"161,774","195,805","34,031",21.0
"Columbus city, Georgia",Columbus,Georgia,"190,570","195,769","5,199",2.7
"Overland Park city, Kansas",Overland Park,Kansas,"173,329","195,494","22,165",12.8
"Grand Prairie city, Texas",Grand Prairie,Texas,"175,468","194,543","19,075",10.9
"Tallahassee city, Florida",Tallahassee,Florida,"181,050","194,500","13,450",7.4
"Cape Coral city, Florida",Cape Coral,Florida,"154,309","194,495","40,186",26.0
"Mobile city, Alabama",Mobile,Alabama,"194,659","188,720","-5,939",-3.1
"Knoxville city, Tennessee",Knoxville,Tennessee,"178,134","187,603","9,469",5.3
"Shreveport city, Louisiana",Shreveport,Louisiana,"200,976","187,112","-13,864",-6.9
"Worcester city, Massachusetts",Worcester,Massachusetts,"180,891","185,428","4,537",2.5
"Ontario city, California",Ontario,California,"163,936","185,010","21,074",12.9
"Vancouver city, Washington",Vancouver,Washington,"167,159","184,463","17,304",10.4
"Sioux Falls city, South Dakota",Sioux Falls,South Dakota,"153,978","183,793","29,815",19.4
"Chattanooga city, Tennessee",Chattanooga,Tennessee,"170,322","182,799","12,477",7.3
"Brownsville city, Texas",Brownsville,Texas,"174,729","182,781","8,052",4.6
"Fort Lauderdale city, Florida",Fort Lauderdale,Florida,"165,754","182,437","16,683",10.1
"Providence city, Rhode Island",Providence,Rhode Island,"177,770","179,883","2,113",1.2
"Newport News city, Virginia",Newport News,Virginia,"180,955","179,225","-1,730",-1.0
"Rancho Cucamonga city, California",Rancho Cucamonga,California,"165,380","177,603","12,223",7.4
"Santa Rosa city, California",Santa Rosa,California,"175,038","176,753","1,715",1.0
"Peoria city, Arizona",Peoria,Arizona,"154,048","175,961","21,913",14.2
"Oceanside city, California",Oceanside,California,"167,547","175,742","8,195",4.9
"Elk Grove city, California",Elk Grove,California,"152,995","174,775","21,780",14.2
"Salem city, Oregon",Salem,Oregon,"154,931","174,365","19,434",12.5
"Pembroke Pines city, Florida",Pembroke Pines,Florida,"154,898","173,591","18,693",12.1
"Eugene city, Oregon",Eugene,Oregon,"156,431","172,622","16,191",10.4
"Garden Grove city, California",Garden Grove,California,"170,958","171,644",686,0.4
"Cary town, North Carolina",Cary,North Carolina,"135,840","170,282","34,442",25.4
"Fort Collins city, Colorado",Fort Collins,Colorado,"144,879","170,243","25,364",17.5
"Corona city, California",Corona,California,"152,315","169,868","17,553",11.5
"Springfield city, Missouri",Springfield,Missouri,"159,341","167,882","8,541",5.4
"Jackson city, Mississippi",Jackson,Mississippi,"173,551","160,628","-12,923",-7.4
"Alexandria city, Virginia",Alexandria,Virginia,"139,998","159,428","19,430",13.9
"Hayward city, California",Hayward,California,"144,427","159,203","14,776",10.2
"Clarksville city, Tennessee",Clarksville,Tennessee,"132,901","158,146","25,245",19.0
"Lakewood city, Colorado",Lakewood,Colorado,"142,600","157,935","15,335",10.8
"Lancaster city, California",Lancaster,California,"156,649","157,601",952,0.6
"Salinas city, California",Salinas,California,"150,607","155,465","4,858",3.2
"Palmdale city, California",Palmdale,California,"152,733","155,079","2,346",1.5
"Hollywood city, Florida",Hollywood,Florida,"140,709","154,817","14,108",10.0
"Springfield city, Massachusetts",Springfield,Massachusetts,"153,132","153,606",474,0.3
"Macon-Bibb County, Georgia",Macon-Bibb,Georgia,"155,783","153,159","-2,624",-1.7
"Kansas City city, Kansas",Kansas City,Kansas,"145,783","152,960","7,177",4.9
"Sunnyvale city, California",Sunnyvale,California,"140,060","152,703","12,643",9.0
"Pomona city, California",Pomona,California,"149,061","151,691","2,630",1.8
"Killeen city, Texas",Killeen,Texas,"127,747","151,666","23,919",18.7
"Escondido city, California",Escondido,California,"143,976","151,625","7,649",5.3
"Pasadena city, Texas",Pasadena,Texas,"149,307","151,227","1,920",1.3
"Naperville city, Illinois",Naperville,Illinois,"142,170","148,449","6,279",4.4
"Bellevue city, Washington",Bellevue,Washington,"127,885","148,164","20,279",15.9
"Joliet city, Illinois",Joliet,Illinois,"147,308","147,344",36,-
"Murfreesboro city, Tennessee",Murfreesboro,Tennessee,"109,119","146,900","37,781",34.6
"Midland city, Texas",Midland,Texas,"111,193","146,038","34,845",31.3
"Rockford city, Illinois",Rockford,Illinois,"153,285","145,609","-7,676",-5.0
"Paterson city, New Jersey",Paterson,New Jersey,"146,181","145,233",-948,-0.6
"Savannah city, Georgia",Savannah,Georgia,"136,918","144,464","7,546",5.5
"Bridgeport city, Connecticut",Bridgeport,Connecticut,"144,246","144,399",153,0.1
"Torrance city, California",Torrance,California,"145,151","143,592","-1,559",-1.1
"McAllen city, Texas",McAllen,Texas,"131,547","143,268","11,721",8.9
"Syracuse city, New York",Syracuse,New York,"145,150","142,327","-2,823",-1.9
"Surprise city, Arizona",Surprise,Arizona,"117,473","141,664","24,191",20.6
"Denton city, Texas",Denton,Texas,"116,326","141,541","25,215",21.7
"Roseville city, California",Roseville,California,"119,277","141,500","22,223",18.6
"Thornton city, Colorado",Thornton,Colorado,"118,787","141,464","22,677",19.1
"Miramar city, Florida",Miramar,Florida,"121,958","141,191","19,233",15.8
"Pasadena city, California",Pasadena,California,"137,114","141,029","3,915",2.9
"Mesquite city, Texas",Mesquite,Texas,"139,701","140,937","1,236",0.9
"Olathe city, Kansas",Olathe,Kansas,"125,922","140,545","14,623",11.6
"Dayton city, Ohio",Dayton,Ohio,"141,989","140,407","-1,582",-1.1
"Carrollton city, Texas",Carrollton,Texas,"119,211","139,248","20,037",16.8
"Waco city, Texas",Waco,Texas,"124,797","139,236","14,439",11.6
"Orange city, California",Orange,California,"136,776","138,669","1,893",1.4
"Fullerton city, California",Fullerton,California,"135,233","138,632","3,399",2.5
"Charleston city, South Carolina",Charleston,South Carolina,"120,364","137,566","17,202",14.3
"West Valley City city, Utah",West Valley City,Utah,"129,489","135,248","5,759",4.4
"Visalia city, California",Visalia,California,"124,528","134,605","10,077",8.1
"Hampton city, Virginia",Hampton,Virginia,"137,464","134,510","-2,954",-2.1
"Gainesville city, Florida",Gainesville,Florida,"124,504","133,997","9,493",7.6
"Warren city, Michigan",Warren,Michigan,"134,070","133,943",-127,-0.1
"Coral Springs city, Florida",Coral Springs,Florida,"122,588","133,759","11,171",9.1
"Cedar Rapids city, Iowa",Cedar Rapids,Iowa,"126,580","133,562","6,982",5.5
"Round Rock city, Texas",Round Rock,Texas,"100,021","133,372","33,351",33.3
"Sterling Heights city, Michigan",Sterling Heights,Michigan,"129,675","132,438","2,763",2.1
"Kent city, Washington",Kent,Washington,"118,620","132,319","13,699",11.5
"Columbia city, South Carolina",Columbia,South Carolina,"130,421","131,674","1,253",1.0
"Santa Clara city, California",Santa Clara,California,"116,453","130,365","13,912",11.9
"New Haven city, Connecticut",New Haven,Connecticut,"129,884","130,250",366,0.3
"Stamford city, Connecticut",Stamford,Connecticut,"122,633","129,638","7,005",5.7
"Concord city, California",Concord,California,"122,169","129,295","7,126",5.8
"Elizabeth city, New Jersey",Elizabeth,New Jersey,"124,973","129,216","4,243",3.4
"Athens-Clarke County unified government (balance), Georgia",Athens-Clarke,Georgia,"115,387","126,913","11,526",10.0
"Thousand Oaks city, California",Thousand Oaks,California,"126,490","126,813",323,0.3
"Lafayette city, Louisiana",Lafayette,Louisiana,"121,667","126,185","4,518",3.7
"Simi Valley city, California",Simi Valley,California,"124,242","125,613","1,371",1.1
"Topeka city, Kansas",Topeka,Kansas,"127,630","125,310","-2,320",-1.8
"Norman city, Oklahoma",Norman,Oklahoma,"110,911","124,880","13,969",12.6
"Fargo city, North Dakota",Fargo,North Dakota,"105,625","124,662","19,037",18.0
"Wilmington city, North Carolina",Wilmington,North Carolina,"106,456","123,744","17,288",16.2
"Abilene city, Texas",Abilene,Texas,"117,514","123,420","5,906",5.0
"Odessa city, Texas",Odessa,Texas,"99,876","123,334","23,458",23.5
"Columbia city, Missouri",Columbia,Missouri,"109,044","123,195","14,151",13.0
"Pearland city, Texas",Pearland,Texas,"93,117","122,460","29,343",31.5
"Victorville city, California",Victorville,California,"115,899","122,385","6,486",5.6
"Hartford city, Connecticut",Hartford,Connecticut,"124,765","122,105","-2,660",-2.1
"Vallejo city, California",Vallejo,California,"115,914","121,692","5,778",5.0
"Allentown city, Pennsylvania",Allentown,Pennsylvania,"118,095","121,442","3,347",2.8
"Berkeley city, California",Berkeley,California,"112,513","121,363","8,850",7.9
"Richardson city, Texas",Richardson,Texas,"99,251","121,323","22,072",22.2
"Arvada city, Colorado",Arvada,Colorado,"106,760","121,272","14,512",13.6
"Ann Arbor city, Michigan",Ann Arbor,Michigan,"113,988","119,980","5,992",5.3
"Rochester city, Minnesota",Rochester,Minnesota,"106,823","118,935","12,112",11.3
"Cambridge city, Massachusetts",Cambridge,Massachusetts,"105,148","118,927","13,779",13.1
"Sugar Land city, Texas",Sugar Land,Texas,"107,835","118,488","10,653",9.9
"Lansing city, Michigan",Lansing,Michigan,"114,265","118,210","3,945",3.5
"Evansville city, Indiana",Evansville,Indiana,"120,069","117,979","-2,090",-1.7
"College Station city, Texas",College Station,Texas,"94,225","117,911","23,686",25.1
"Fairfield city, California",Fairfield,California,"105,467","117,133","11,666",11.1
"Clearwater city, Florida",Clearwater,Florida,"109,139","116,946","7,807",7.2
"Beaumont city, Texas",Beaumont,Texas,"117,278","116,825",-453,-0.4
"Independence city, Missouri",Independence,Missouri,"116,812","116,672",-140,-0.1
"Provo city, Utah",Provo,Utah,"112,487","116,618","4,131",3.7
"West Jordan city, Utah",West Jordan,Utah,"103,601","116,480","12,879",12.4
"Murrieta city, California",Murrieta,California,"103,731","116,223","12,492",12.0
"Palm Bay city, Florida",Palm Bay,Florida,"104,006","115,552","11,546",11.1
"El Monte city, California",El Monte,California,"113,531","115,487","1,956",1.7
"North Charleston city, South Carolina",North Charleston,South Carolina,"97,579","115,382","17,803",18.2
"Carlsbad city, California",Carlsbad,California,"105,328","115,382","10,054",9.5
"Temecula city, California",Temecula,California,"100,013","114,761","14,748",14.7
"Clovis city, California",Clovis,California,"95,980","114,584","18,604",19.4
"Springfield city, Illinois",Springfield,Illinois,"116,996","114,230","-2,766",-2.4
"Meridian city, Idaho",Meridian,Idaho,"76,986","114,161","37,175",48.3
"Westminster city, Colorado",Westminster,Colorado,"106,135","113,166","7,031",6.6
"Costa Mesa city, California",Costa Mesa,California,"110,078","113,003","2,925",2.7
"High Point city, North Carolina",High Point,North Carolina,"104,526","112,791","8,265",7.9
"Manchester city, New Hampshire",Manchester,New Hampshire,"109,549","112,673","3,124",2.9
"Pueblo city, Colorado",Pueblo,Colorado,"106,542","112,361","5,819",5.5
"Lakeland city, Florida",Lakeland,Florida,"97,270","112,136","14,866",15.3
"Pompano Beach city, Florida",Pompano Beach,Florida,"99,839","112,118","12,279",12.3
"West Palm Beach city, Florida",West Palm Beach,Florida,"100,665","111,955","11,290",11.2
"Antioch city, California",Antioch,California,"102,745","111,502","8,757",8.5
"Everett city, Washington",Everett,Washington,"102,953","111,475","8,522",8.3
"Downey city, California",Downey,California,"111,775","111,126",-649,-0.6
"Lowell city, Massachusetts",Lowell,Massachusetts,"106,525","110,997","4,472",4.2
"Centennial city, Colorado",Centennial,Colorado,"100,635","110,937","10,302",10.2
"Elgin city, Illinois",Elgin,Illinois,"108,219","110,849","2,630",2.4
"Richmond city, California",Richmond,California,"103,255","110,567","7,312",7.1
"Peoria city, Illinois",Peoria,Illinois,"115,150","110,417","-4,733",-4.1
"Broken Arrow city, Oklahoma",Broken Arrow,Oklahoma,"98,837","110,198","11,361",11.5
"Miami Gardens city, Florida",Miami Gardens,Florida,"107,163","110,001","2,838",2.6
"Billings city, Montana",Billings,Montana,"104,284","109,577","5,293",5.1
"Jurupa Valley city, California",Jurupa Valley,California,"94,986","109,527","14,541",15.3
"Sandy Springs city, Georgia",Sandy Springs,Georgia,"93,826","109,452","15,626",16.7
"Gresham city, Oregon",Gresham,Oregon,"105,639","109,381","3,742",3.5
"Lewisville city, Texas",Lewisville,Texas,"95,459","109,212","13,753",14.4
"Hillsboro city, Oregon",Hillsboro,Oregon,"92,265","109,128","16,863",18.3
"San Buenaventura (Ventura) city, California",San Buenaventura (Ventura),California,"107,217","109,106","1,889",1.8
"Greeley city, Colorado",Greeley,Colorado,"92,950","108,649","15,699",16.9
"Inglewood city, California",Inglewood,California,"109,649","108,151","-1,498",-1.4
"Waterbury city, Connecticut",Waterbury,Connecticut,"110,309","107,568","-2,741",-2.5
"League City city, Texas",League City,Texas,"83,584","107,536","23,952",28.7
"Santa Maria city, California",Santa Maria,California,"99,596","107,263","7,667",7.7
"Tyler city, Texas",Tyler,Texas,"96,852","106,985","10,133",10.5
"Davie town, Florida",Davie,Florida,"91,950","106,306","14,356",15.6
"Daly City city, California",Daly City,California,"101,116","106,280","5,164",5.1
"Boulder city, Colorado",Boulder,Colorado,"97,612","105,673","8,061",8.3
"Allen city, Texas",Allen,Texas,"84,273","105,623","21,350",25.3
"West Covina city, California",West Covina,California,"106,108","105,101","-1,007",-0.9
"Sparks city, Nevada",Sparks,Nevada,"91,117","105,006","13,889",15.2
"Wichita Falls city, Texas",Wichita Falls,Texas,"104,682","104,683",1,-
"Green Bay city, Wisconsin",Green Bay,Wisconsin,"103,882","104,578",696,0.7
"San Mateo city, California",San Mateo,California,"97,195","104,430","7,235",7.4
"Norwalk city, California",Norwalk,California,"105,549","103,949","-1,600",-1.5
"Rialto city, California",Rialto,California,"99,103","103,526","4,423",4.5
"Las Cruces city, New Mexico",Las Cruces,New Mexico,"97,706","103,432","5,726",5.9
"Chico city, California",Chico,California,"86,798","103,301","16,503",19.0
"El Cajon city, California",El Cajon,California,"99,584","102,708","3,124",3.1
"Burbank city, California",Burbank,California,"103,357","102,511",-846,-0.8
"South Bend city, Indiana",South Bend,Indiana,"101,249","102,026",777,0.8
"Renton city, Washington",Renton,Washington,"91,912","101,751","9,839",10.7
"Vista city, California",Vista,California,"93,186","101,638","8,452",9.1
"Davenport city, Iowa",Davenport,Iowa,"99,701","101,590","1,889",1.9
"Edinburg city, Texas",Edinburg,Texas,"82,018","101,170","19,152",23.4
"Tuscaloosa city, Alabama",Tuscaloosa,Alabama,"90,275","101,129","10,854",12.0
"Carmel city, Indiana",Carmel,Indiana,"83,887","101,068","17,181",20.5
"Spokane Valley city, Washington",Spokane Valley,Washington,"89,745","101,060","11,315",12.6
"San Angelo city, Texas",San Angelo,Texas,"93,221","101,004","7,783",8.3
"Vacaville city, California",Vacaville,California,"92,422","100,670","8,248",8.9
"Bend city, Oregon",Bend,Oregon,"76,660","100,421","23,761",31.0
"Kenosha city, Wisconsin",Kenosha,Wisconsin,"99,279","99,944",665,0.7
"Boca Raton city, Florida",Boca Raton,Florida,"84,409","99,805","15,396",18.2
"Lee's Summit city, Missouri",Lee's Summit,Missouri,"91,368","99,357","7,989",8.7
"Nampa city, Idaho",Nampa,Idaho,"81,879","99,277","17,398",21.2
"Rio Rancho city, New Mexico",Rio Rancho,New Mexico,"87,387","99,178","11,791",13.5
"South Fulton city, Georgia",South Fulton,Georgia,"85,589","99,155","13,566",15.9
"Roanoke city, Virginia",Roanoke,Virginia,"96,910","99,143","2,233",2.3
"Beaverton city, Oregon",Beaverton,Oregon,"89,725","99,037","9,312",10.4
"Yuma city, Arizona",Yuma,Arizona,"90,717","98,285","7,568",8.3
"Lawrence city, Kansas",Lawrence,Kansas,"87,918","98,193","10,275",11.7
"Orem city, Utah",Orem,Utah,"88,328","97,828","9,500",10.8
"Longmont city, Colorado",Longmont,Colorado,"86,327","97,261","10,934",12.7
"San Marcos city, California",San Marcos,California,"83,631","96,664","13,033",15.6
"Albany city, New York",Albany,New York,"97,845","96,460","-1,385",-1.4
"Sandy city, Utah",Sandy,Utah,"90,180","96,380","6,200",6.9
"Concord city, North Carolina",Concord,North Carolina,"79,389","96,341","16,952",21.4
"Federal Way city, Washington",Federal Way,Washington,"89,295","96,289","6,994",7.8
"Hesperia city, California",Hesperia,California,"90,100","95,750","5,650",6.3
"Brockton city, Massachusetts",Brockton,Massachusetts,"93,767","95,708","1,941",2.1
"Compton city, California",Compton,California,"96,404","95,605",-799,-0.8
"Flint city, Michigan",Flint,Michigan,"102,266","95,538","-6,728",-6.6
"Erie city, Pennsylvania",Erie,Pennsylvania,"101,738","95,508","-6,230",-6.1
"New Bedford city, Massachusetts",New Bedford,Massachusetts,"95,071","95,363",292,0.3
"Fishers city, Indiana",Fishers,Indiana,"77,293","95,310","18,017",23.3
"Sunrise city, Florida",Sunrise,Florida,"84,306","95,166","10,860",12.9
"Roswell city, Georgia",Roswell,Georgia,"88,332","94,763","6,431",7.3
"Menifee city, California",Menifee,California,"77,382","94,756","17,374",22.5
"Tracy city, California",Tracy,California,"83,423","94,740","11,317",13.6
"Plantation city, Florida",Plantation,Florida,"84,883","94,580","9,697",11.4
"Quincy city, Massachusetts",Quincy,Massachusetts,"92,262","94,470","2,208",2.4
"Portsmouth city, Virginia",Portsmouth,Virginia,"95,526","94,398","-1,128",-1.2
"Mission Viejo city, California",Mission Viejo,California,"93,103","94,381","1,278",1.4
"Chino city, California",Chino,California,"78,069","94,371","16,302",20.9
"Lynn city, Massachusetts",Lynn,Massachusetts,"90,324","94,299","3,975",4.4
"Edmond city, Oklahoma",Edmond,Oklahoma,"81,130","94,054","12,924",15.9
"Dearborn city, Michigan",Dearborn,Michigan,"98,146","93,932","-4,214",-4.3
"Livonia city, Michigan",Livonia,Michigan,"96,857","93,665","-3,192",-3.3
"Yakima city, Washington",Yakima,Washington,"91,273","93,637","2,364",2.6
"South Gate city, California",South Gate,California,"94,412","93,444",-968,-1.0
"Greenville city, North Carolina",Greenville,North Carolina,"84,711","93,400","8,689",10.3
"Lawton city, Oklahoma",Lawton,Oklahoma,"96,867","93,025","-3,842",-4.0
"Kirkland city, Washington",Kirkland,Washington,"80,585","93,010","12,425",15.4
"Asheville city, North Carolina",Asheville,North Carolina,"83,420","92,870","9,450",11.3
"Deltona city, Florida",Deltona,Florida,"85,131","92,757","7,626",9.0
"Redding city, California",Redding,California,"89,857","92,590","2,733",3.0
"Bellingham city, Washington",Bellingham,Washington,"81,205","92,314","11,109",13.7
"Suffolk city, Virginia",Suffolk,Virginia,"84,565","92,108","7,543",8.9
"Indio city, California",Indio,California,"79,166","91,765","12,599",15.9
"Mount Pleasant town, South Carolina",Mount Pleasant,South Carolina,"68,360","91,684","23,324",34.1
"Carson city, California",Carson,California,"91,711","91,394",-317,-0.3
"Santa Barbara city, California",Santa Barbara,California,"88,380","91,364","2,984",3.4
"Conroe city, Texas",Conroe,Texas,"65,392","91,079","25,687",39.3
"Westminster city, California",Westminster,California,"89,619","90,643","1,024",1.1
"Santa Monica city, California",Santa Monica,California,"89,742","90,401",659,0.7
"New Braunfels city, Texas",New Braunfels,Texas,"57,676","90,209","32,533",56.4
"Livermore city, California",Livermore,California,"81,426","90,189","8,763",10.8
"Palm Coast city, Florida",Palm Coast,Florida,"75,199","89,800","14,601",19.4
"St. George city, Utah",St. George,Utah,"72,759","89,587","16,828",23.1
"Fall River city, Massachusetts",Fall River,Massachusetts,"88,865","89,541",676,0.8
"Nashua city, New Hampshire",Nashua,New Hampshire,"86,475","89,355","2,880",3.3
"Champaign city, Illinois",Champaign,Illinois,"81,246","88,909","7,663",9.4
"Miami Beach city, Florida",Miami Beach,Florida,"87,380","88,885","1,505",1.7
"Norwalk city, Connecticut",Norwalk,Connecticut,"85,612","88,816","3,204",3.7
"San Leandro city, California",San Leandro,California,"84,977","88,815","3,838",4.5
"O'Fallon city, Missouri",O'Fallon,Missouri,"79,597","88,673","9,076",11.4
"Newton city, Massachusetts",Newton,Massachusetts,"85,089","88,414","3,325",3.9
"Reading city, Pennsylvania",Reading,Pennsylvania,"87,994","88,375",381,0.4
"Avondale city, Arizona",Avondale,Arizona,"76,132","87,931","11,799",15.5
"Fort Smith city, Arkansas",Fort Smith,Arkansas,"86,266","87,891","1,625",1.9
"Citrus Heights city, California",Citrus Heights,California,"83,184","87,796","4,612",5.5
"Ogden city, Utah",Ogden,Utah,"82,887","87,773","4,886",5.9
"Fayetteville city, Arkansas",Fayetteville,Arkansas,"73,580","87,590","14,010",19.0
"Fort Myers city, Florida",Fort Myers,Florida,"62,305","87,103","24,798",39.8
"Goodyear city, Arizona",Goodyear,Arizona,"65,261","86,840","21,579",33.1
"Bryan city, Texas",Bryan,Texas,"76,226","86,276","10,050",13.2
"Waukegan city, Illinois",Waukegan,Illinois,"89,115","86,075","-3,040",-3.4
"Hawthorne city, California",Hawthorne,California,"84,290","86,068","1,778",2.1
"Redwood City city, California",Redwood City,California,"76,817","85,925","9,108",11.9
"Hoover city, Alabama",Hoover,Alabama,"80,823","85,768","4,945",6.1
"Bloomington city, Indiana",Bloomington,Indiana,"80,293","85,755","5,462",6.8
"Duluth city, Minnesota",Duluth,Minnesota,"86,266","85,618",-648,-0.8
"Lake Forest city, California",Lake Forest,California,"77,445","85,531","8,086",10.4
"Hemet city, California",Hemet,California,"78,630","85,334","6,704",8.5
"Whittier city, California",Whittier,California,"85,313","85,098",-215,-0.3
"Clifton city, New Jersey",Clifton,New Jersey,"84,117","85,052",935,1.1
"Largo city, Florida",Largo,Florida,"79,439","84,948","5,509",6.9
"Bloomington city, Minnesota",Bloomington,Minnesota,"82,893","84,943","2,050",2.5
"Danbury city, Connecticut",Danbury,Connecticut,"80,893","84,694","3,801",4.7
"Santa Fe city, New Mexico",Santa Fe,New Mexico,"80,871","84,683","3,812",4.7
"Johns Creek city, Georgia",Johns Creek,Georgia,"76,638","84,579","7,941",10.4
"Newport Beach city, California",Newport Beach,California,"85,211","84,534",-677,-0.8
"Kennewick city, Washington",Kennewick,Washington,"73,994","84,347","10,353",14.0
"Mission city, Texas",Mission,Texas,"77,695","84,331","6,636",8.5
"Milpitas city, California",Milpitas,California,"66,820","84,196","17,376",26.0
"Troy city, Michigan",Troy,Michigan,"80,972","84,092","3,120",3.9
"Chino Hills city, California",Chino Hills,California,"74,792","83,853","9,061",12.1
"Alhambra city, California",Alhambra,California,"83,119","83,750",631,0.8
"Merced city, California",Merced,California,"78,958","83,676","4,718",6.0
"Trenton city, New Jersey",Trenton,New Jersey,"84,959","83,203","-1,756",-2.1
"Franklin city, Tennessee",Franklin,Tennessee,"62,569","83,097","20,528",32.8
"Medford city, Oregon",Medford,Oregon,"74,992","83,072","8,080",10.8
"Melbourne city, Florida",Melbourne,Florida,"76,217","83,029","6,812",8.9
"Manteca city, California",Manteca,California,"67,348","83,028","15,680",23.3
"Mountain View city, California",Mountain View,California,"74,008","82,739","8,731",11.8
"Sioux City city, Iowa",Sioux City,Iowa,"82,693","82,651",-42,-0.1
"Lynchburg city, Virginia",Lynchburg,Virginia,"75,534","82,168","6,634",8.8
"Buena Park city, California",Buena Park,California,"80,619","81,788","1,169",1.5
"Pleasanton city, California",Pleasanton,California,"70,280","81,777","11,497",16.4
"Longview city, Texas",Longview,Texas,"80,423","81,631","1,208",1.5
"Westland city, Michigan",Westland,Michigan,"84,150","81,511","-2,639",-3.1
"Auburn city, Washington",Auburn,Washington,"70,301","81,464","11,163",15.9
"Cranston city, Rhode Island",Cranston,Rhode Island,"80,627","81,456",829,1.0
"Somerville city, Massachusetts",Somerville,Massachusetts,"75,701","81,360","5,659",7.5
"Folsom city, California",Folsom,California,"72,147","81,328","9,181",12.7
"Springdale city, Arkansas",Springdale,Arkansas,"70,800","81,125","10,325",14.6
"Deerfield Beach city, Florida",Deerfield Beach,Florida,"75,008","81,066","6,058",8.1
"Warwick city, Rhode Island",Warwick,Rhode Island,"82,689","81,004","-1,685",-2.0
"Cicero town, Illinois",Cicero,Illinois,"84,241","80,796","-3,445",-4.1
"Farmington Hills city, Michigan",Farmington Hills,Michigan,"79,725","80,612",887,1.1
"Brooklyn Park city, Minnesota",Brooklyn Park,Minnesota,"75,776","80,389","4,613",6.1
"Lawrence city, Massachusetts",Lawrence,Massachusetts,"76,343","80,028","3,685",4.8
"Plymouth city, Minnesota",Plymouth,Minnesota,"70,591","79,768","9,177",13.0
"Buckeye city, Arizona",Buckeye,Arizona,"50,851","79,620","28,769",56.6
"Cedar Park city, Texas",Cedar Park,Texas,"55,117","79,462","24,345",44.2
"Tustin city, California",Tustin,California,"75,317","79,348","4,031",5.4
"Lakewood city, California",Lakewood,California,"80,086","79,307",-779,-1.0
"Perris city, California",Perris,California,"68,564","79,291","10,727",15.6
"Flower Mound town, Texas",Flower Mound,Texas,"64,675","79,135","14,460",22.4
"Pharr city, Texas",Pharr,Texas,"70,457","79,112","8,655",12.3
"Loveland city, Colorado",Loveland,Colorado,"66,992","78,877","11,885",17.7
"Boynton Beach city, Florida",Boynton Beach,Florida,"68,293","78,679","10,386",15.2
"New Rochelle city, New York",New Rochelle,New York,"77,115","78,557","1,442",1.9
"Temple city, Texas",Temple,Texas,"66,082","78,439","12,357",18.7
"Lake Charles city, Louisiana",Lake Charles,Louisiana,"72,398","78,396","5,998",8.3
"Jonesboro city, Arkansas",Jonesboro,Arkansas,"67,295","78,394","11,099",16.5
"Napa city, California",Napa,California,"77,088","78,130","1,042",1.4
"Parma city, Ohio",Parma,Ohio,"81,589","78,103","-3,486",-4.3
"Layton city, Utah",Layton,Utah,"67,529","78,014","10,485",15.5
"Alameda city, California",Alameda,California,"73,812","77,624","3,812",5.2
"Warner Robins city, Georgia",Warner Robins,Georgia,"69,596","77,617","8,021",11.5
"Rapid City city, South Dakota",Rapid City,South Dakota,"68,994","77,503","8,509",12.3
"Bloomington city, Illinois",Bloomington,Illinois,"76,724","77,330",606,0.8
"Gastonia city, North Carolina",Gastonia,North Carolina,"71,720","77,273","5,553",7.7
"Baytown city, Texas",Baytown,Texas,"71,605","77,192","5,587",7.8
"Upland city, California",Upland,California,"73,718","77,140","3,422",4.6
"Racine city, Wisconsin",Racine,Wisconsin,"78,556","76,760","-1,796",-2.3
"Scranton city, Pennsylvania",Scranton,Pennsylvania,"76,083","76,653",570,0.7
"South Jordan city, Utah",South Jordan,Utah,"50,473","76,598","26,125",51.8
"Bellflower city, California",Bellflower,California,"76,625","76,435",-190,-0.2
"Kalamazoo city, Michigan",Kalamazoo,Michigan,"74,263","76,200","1,937",2.6
"San Ramon city, California",San Ramon,California,"71,412","75,995","4,583",6.4
"Bethlehem city, Pennsylvania",Bethlehem,Pennsylvania,"74,972","75,815",843,1.1
"Wyoming city, Michigan",Wyoming,Michigan,"72,117","75,667","3,550",4.9
"Hammond city, Indiana",Hammond,Indiana,"80,825","75,522","-5,303",-6.6
"Missoula city, Montana",Missoula,Montana,"67,358","75,516","8,158",12.1
"Missouri City city, Texas",Missouri City,Texas,"66,534","75,457","8,923",13.4
"Pasco city, Washington",Pasco,Washington,"62,163","75,432","13,269",21.3
"Baldwin Park city, California",Baldwin Park,California,"75,397","75,251",-146,-0.2
"Iowa City city, Iowa",Iowa City,Iowa,"67,961","75,130","7,169",10.5
"Rancho Cordova city, California",Rancho Cordova,California,"64,804","75,087","10,283",15.9
"Rock Hill city, South Carolina",Rock Hill,South Carolina,"66,878","75,048","8,170",12.2
"Flagstaff city, Arizona",Flagstaff,Arizona,"66,006","75,038","9,032",13.7
"Gary city, Indiana",Gary,Indiana,"80,256","74,879","-5,377",-6.7
"St. Joseph city, Missouri",St. Joseph,Missouri,"76,783","74,875","-1,908",-2.5
"Arlington Heights village, Illinois",Arlington Heights,Illinois,"75,185","74,760",-425,-0.6
"Bolingbrook village, Illinois",Bolingbrook,Illinois,"73,365","74,545","1,180",1.6
"Rochester Hills city, Michigan",Rochester Hills,Michigan,"70,987","74,516","3,529",5.0
"Framingham city, Massachusetts",Framingham,Massachusetts,"68,323","74,416","6,093",8.9
"Union City city, California",Union City,California,"69,531","74,107","4,576",6.6
"Appleton city, Wisconsin",Appleton,Wisconsin,"72,675","74,098","1,423",2.0
"Turlock city, California",Turlock,California,"68,712","73,631","4,919",7.2
"Camden city, New Jersey",Camden,New Jersey,"76,866","73,562","-3,304",-4.3
"Bismarck city, North Dakota",Bismarck,North Dakota,"61,324","73,529","12,205",19.9
"Evanston city, Illinois",Evanston,Illinois,"74,483","73,473","-1,010",-1.4
"Apple Valley town, California",Apple Valley,California,"69,146","73,453","4,307",6.2
"Schaumburg village, Illinois",Schaumburg,Illinois,"74,233","72,887","-1,346",-1.8
"Woodbury city, Minnesota",Woodbury,Minnesota,"61,963","72,828","10,865",17.5
"Kissimmee city, Florida",Kissimmee,Florida,"59,558","72,717","13,159",22.1
"Southfield city, Michigan",Southfield,Michigan,"71,715","72,689",974,1.4
"Maple Grove city, Minnesota",Maple Grove,Minnesota,"61,548","72,622","11,074",18.0
"Pittsburg city, California",Pittsburg,California,"63,259","72,588","9,329",14.7
"New Britain city, Connecticut",New Britain,Connecticut,"73,203","72,495",-708,-1.0
"Jacksonville city, North Carolina",Jacksonville,North Carolina,"70,327","72,436","2,109",3.0
"Mansfield city, Texas",Mansfield,Texas,"56,654","72,419","15,765",27.8
"Waukesha city, Wisconsin",Waukesha,Wisconsin,"71,223","72,299","1,076",1.5
"Frederick city, Maryland",Frederick,Maryland,"65,289","72,244","6,955",10.7
"Albany city, Georgia",Albany,Georgia,"77,436","72,130","-5,306",-6.9
"Pawtucket city, Rhode Island",Pawtucket,Rhode Island,"71,153","72,117",964,1.4
"Redmond city, Washington",Redmond,Washington,"54,511","71,929","17,418",32.0
"Lauderhill city, Florida",Lauderhill,Florida,"66,936","71,868","4,932",7.4
"Lafayette city, Indiana",Lafayette,Indiana,"68,864","71,721","2,857",4.1
"Gulfport city, Mississippi",Gulfport,Mississippi,"67,785","71,705","3,920",5.8
"Redlands city, California",Redlands,California,"68,679","71,513","2,834",4.1
"Weston city, Florida",Weston,Florida,"65,419","71,166","5,747",8.8
"St. Charles city, Missouri",St. Charles,Missouri,"66,218","71,028","4,810",7.3
"Decatur city, Illinois",Decatur,Illinois,"76,131","70,746","-5,385",-7.1
"North Port city, Florida",North Port,Florida,"57,320","70,724","13,404",23.4
"North Richland Hills city, Texas",North Richland Hills,Texas,"63,341","70,670","7,329",11.6
"Greenville city, South Carolina",Greenville,South Carolina,"59,280","70,635","11,355",19.2
"Bowling Green city, Kentucky",Bowling Green,Kentucky,"59,407","70,543","11,136",18.7
"Broomfield city, Colorado",Broomfield,Colorado,"55,861","70,465","14,604",26.1
"Canton city, Ohio",Canton,Ohio,"73,403","70,447","-2,956",-4.0
"Marysville city, Washington",Marysville,Washington,"60,013","70,298","10,285",17.1
"Wilmington city, Delaware",Wilmington,Delaware,"70,875","70,166",-709,-1.0
"Walnut Creek city, California",Walnut Creek,California,"64,157","70,166","6,009",9.4
"Camarillo city, California",Camarillo,California,"65,156","69,888","4,732",7.3
"Lynwood city, California",Lynwood,California,"69,763","69,887",124,0.2
"Passaic city, New Jersey",Passaic,New Jersey,"69,811","69,703",-108,-0.2
"Homestead city, Florida",Homestead,Florida,"60,748","69,523","8,775",14.4
"Delray Beach city, Florida",Delray Beach,Florida,"60,611","69,451","8,840",14.6
"Davis city, California",Davis,California,"65,639","69,413","3,774",5.7
"Lake Elsinore city, California",Lake Elsinore,California,"53,313","69,283","15,970",30.0
"Daytona Beach city, Florida",Daytona Beach,Florida,"61,591","69,186","7,595",12.3
"Dothan city, Alabama",Dothan,Alabama,"65,922","68,941","3,019",4.6
"Rocklin city, California",Rocklin,California,"57,131","68,823","11,692",20.5
"Eau Claire city, Wisconsin",Eau Claire,Wisconsin,"66,230","68,802","2,572",3.9
"Rogers city, Arkansas",Rogers,Arkansas,"56,109","68,669","12,560",22.4
"St. Cloud city, Minnesota",St. Cloud,Minnesota,"65,905","68,462","2,557",3.9
"Bossier City city, Louisiana",Bossier City,Louisiana,"61,768","68,159","6,391",10.3
"Rockville city, Maryland",Rockville,Maryland,"61,242","68,079","6,837",11.2
"Muncie city, Indiana",Muncie,Indiana,"70,206","67,999","-2,207",-3.1
"Gaithersburg city, Maryland",Gaithersburg,Maryland,"59,899","67,985","8,086",13.5
"Union City city, New Jersey",Union City,New Jersey,"66,467","67,982","1,515",2.3
"West Des Moines city, Iowa",West Des Moines,Iowa,"56,707","67,899","11,192",19.7
"South San Francisco city, California",South San Francisco,California,"63,622","67,789","4,167",6.5
"Yorba Linda city, California",Yorba Linda,California,"64,167","67,644","3,477",5.4
"Conway city, Arkansas",Conway,Arkansas,"58,874","67,638","8,764",14.9
"Lodi city, California",Lodi,California,"62,121","67,586","5,465",8.8
"Palatine village, Illinois",Palatine,Illinois,"68,551","67,482","-1,069",-1.6
"Mount Vernon city, New York",Mount Vernon,New York,"67,316","67,345",29,-
"Rowlett city, Texas",Rowlett,Texas,"56,242","67,339","11,097",19.7
"Waterloo city, Iowa",Waterloo,Iowa,"68,496","67,328","-1,168",-1.7
"Lakeville city, Minnesota",Lakeville,Minnesota,"56,001","67,317","11,316",20.2
"Alpharetta city, Georgia",Alpharetta,Georgia,"57,383","67,213","9,830",17.1
"Jackson city, Tennessee",Jackson,Tennessee,"66,847","67,191",344,0.5
"Yuba City city, California",Yuba City,California,"65,634","67,010","1,376",2.1
"Oshkosh city, Wisconsin",Oshkosh,Wisconsin,"66,346","67,004",658,1.0
"Victoria city, Texas",Victoria,Texas,"62,624","66,916","4,292",6.9
"Johnson City city, Tennessee",Johnson City,Tennessee,"63,383","66,906","3,523",5.6
"Redondo Beach city, California",Redondo Beach,California,"66,931","66,749",-182,-0.3
"Tamarac city, Florida",Tamarac,Florida,"60,778","66,721","5,943",9.8
"Laguna Niguel city, California",Laguna Niguel,California,"62,989","66,385","3,396",5.4
"Eagan city, Minnesota",Eagan,Minnesota,"64,150","66,372","2,222",3.5
"Kenner city, Louisiana",Kenner,Louisiana,"66,631","66,340",-291,-0.4
"Auburn city, Alabama",Auburn,Alabama,"53,439","66,259","12,820",24.0
"Ames city, Iowa",Ames,Iowa,"59,035","66,258","7,223",12.2
"Portland city, Maine",Portland,Maine,"66,191","66,215",24,-
"North Little Rock city, Arkansas",North Little Rock,Arkansas,"62,350","65,903","3,553",5.7
"Sammamish city, Washington",Sammamish,Washington,"57,449","65,892","8,443",14.7
"Madera city, California",Madera,California,"61,513","65,860","4,347",7.1
"Shawnee city, Kansas",Shawnee,Kansas,"62,203","65,807","3,604",5.8
"Jupiter town, Florida",Jupiter,Florida,"55,312","65,791","10,479",18.9
"Blaine city, Minnesota",Blaine,Minnesota,"57,179","65,607","8,428",14.7
"Tulare city, California",Tulare,California,"59,293","65,496","6,203",10.5
"Youngstown city, Ohio",Youngstown,Ohio,"66,946","65,469","-1,477",-2.2
"Wellington village, Florida",Wellington,Florida,"56,697","65,398","8,701",15.3
"Palo Alto city, California",Palo Alto,California,"64,387","65,364",977,1.5
"Schenectady city, New York",Schenectady,New York,"66,157","65,273",-884,-1.3
"Harlingen city, Texas",Harlingen,Texas,"64,943","65,022",79,0.1
"Bayonne city, New Jersey",Bayonne,New Jersey,"63,015","64,897","1,882",3.0
"Eden Prairie city, Minnesota",Eden Prairie,Minnesota,"60,797","64,893","4,096",6.7
"Port Orange city, Florida",Port Orange,Florida,"56,628","64,842","8,214",14.5
"Noblesville city, Indiana",Noblesville,Indiana,"52,374","64,668","12,294",23.5
"Santa Cruz city, California",Santa Cruz,California,"59,944","64,608","4,664",7.8
"Janesville city, Wisconsin",Janesville,Wisconsin,"63,658","64,575",917,1.4
"San Clemente city, California",San Clemente,California,"63,500","64,558","1,058",1.7
"Brentwood city, California",Brentwood,California,"51,627","64,474","12,847",24.9
"East Orange city, New Jersey",East Orange,New Jersey,"64,169","64,367",198,0.3
"Cheyenne city, Wyoming",Cheyenne,Wyoming,"59,552","64,235","4,683",7.9
"Eastvale city, California",Eastvale,California,"53,712","64,157","10,445",19.4
"Chapel Hill town, North Carolina",Chapel Hill,North Carolina,"57,221","64,051","6,830",11.9
"Haverhill city, Massachusetts",Haverhill,Massachusetts,"60,878","64,014","3,136",5.2
"Lorain city, Ohio",Lorain,Ohio,"64,099","63,855",-244,-0.4
"Grand Junction city, Colorado",Grand Junction,Colorado,"59,034","63,597","4,563",7.7
"Springfield city, Oregon",Springfield,Oregon,"59,413","63,230","3,817",6.4
"Coon Rapids city, Minnesota",Coon Rapids,Minnesota,"61,485","62,998","1,513",2.5
"Idaho Falls city, Idaho",Idaho Falls,Idaho,"57,833","62,888","5,055",8.7
"North Miami city, Florida",North Miami,Florida,"60,134","62,822","2,688",4.5
"Encinitas city, California",Encinitas,California,"59,526","62,709","3,183",5.3
"Skokie village, Illinois",Skokie,Illinois,"64,845","62,700","-2,145",-3.3
"Waltham city, Massachusetts",Waltham,Massachusetts,"60,638","62,495","1,857",3.1
"Council Bluffs city, Iowa",Council Bluffs,Iowa,"62,226","62,166",-60,-0.1
"Hamilton city, Ohio",Hamilton,Ohio,"62,291","62,082",-209,-0.3
"Moore city, Oklahoma",Moore,Oklahoma,"55,082","62,055","6,973",12.7
"Pico Rivera city, California",Pico Rivera,California,"62,958","62,027",-931,-1.5
"Montebello city, California",Montebello,California,"62,488","61,954",-534,-0.9
"Millcreek city, Utah",Millcreek,Utah,"58,750","61,450","2,700",4.6
"Sanford city, Florida",Sanford,Florida,"53,933","61,448","7,515",13.9
"National City city, California",National City,California,"58,560","61,394","2,834",4.8
"Burnsville city, Minnesota",Burnsville,Minnesota,"60,286","61,339","1,053",1.7
"Coconut Creek city, Florida",Coconut Creek,Florida,"53,042","61,248","8,206",15.5
"Lakewood city, Washington",Lakewood,Washington,"57,532","61,037","3,505",6.1
"Taylor city, Michigan",Taylor,Michigan,"63,131","60,922","-2,209",-3.5
"Novi city, Michigan",Novi,Michigan,"55,232","60,896","5,664",10.3
"Marietta city, Georgia",Marietta,Georgia,"56,486","60,867","4,381",7.8
"Ocala city, Florida",Ocala,Florida,"56,568","60,786","4,218",7.5
"Terre Haute city, Indiana",Terre Haute,Indiana,"60,785","60,622",-163,-0.3
"Woodland city, California",Woodland,California,"55,553","60,548","4,995",9.0
"Petaluma city, California",Petaluma,California,"57,968","60,520","2,552",4.4
"La Habra city, California",La Habra,California,"59,016","60,513","1,497",2.5
"Malden city, Massachusetts",Malden,Massachusetts,"59,536","60,470",934,1.6
"Owensboro city, Kentucky",Owensboro,Kentucky,"57,482","60,131","2,649",4.6
"Bristol city, Connecticut",Bristol,Connecticut,"60,499","59,947",-552,-0.9
"West Allis city, Wisconsin",West Allis,Wisconsin,"60,401","59,890",-511,-0.8
"Taylorsville city, Utah",Taylorsville,Utah,"58,691","59,805","1,114",1.9
"Utica city, New York",Utica,New York,"62,241","59,750","-2,491",-4.0
"Monterey Park city, California",Monterey Park,California,"60,225","59,669",-556,-0.9
"Porterville city, California",Porterville,California,"58,104","59,599","1,495",2.6
"Greenwood city, Indiana",Greenwood,Indiana,"51,116","59,458","8,342",16.3
"Bartlett city, Tennessee",Bartlett,Tennessee,"56,941","59,440","2,499",4.4
"Vineland city, New Jersey",Vineland,New Jersey,"60,734","59,439","-1,295",-2.1
"Pontiac city, Michigan",Pontiac,Michigan,"59,695","59,438",-257,-0.4
"Meriden city, Connecticut",Meriden,Connecticut,"60,825","59,395","-1,430",-2.4
"Gardena city, California",Gardena,California,"58,829","59,329",500,0.8
"Royal Oak city, Michigan",Royal Oak,Michigan,"57,232","59,277","2,045",3.6
"Cupertino city, California",Cupertino,California,"58,559","59,276",717,1.2
"Lancaster city, Pennsylvania",Lancaster,Pennsylvania,"59,263","59,265",2,-
"La Mesa city, California",La Mesa,California,"57,016","59,249","2,233",3.9
"St. Clair Shores city, Michigan",St. Clair Shores,Michigan,"59,765","58,984",-781,-1.3
"Des Plaines city, Illinois",Des Plaines,Illinois,"58,383","58,899",516,0.9
"Springfield city, Ohio",Springfield,Ohio,"60,563","58,877","-1,686",-2.8
"Corvallis city, Oregon",Corvallis,Oregon,"54,494","58,856","4,362",8.0
"Margate city, Florida",Margate,Florida,"53,120","58,796","5,676",10.7
"Bowie city, Maryland",Bowie,Maryland,"55,296","58,643","3,347",6.1
"San Rafael city, California",San Rafael,California,"57,698","58,440",742,1.3
"Great Falls city, Montana",Great Falls,Montana,"59,121","58,434",-687,-1.2
"Sarasota city, Florida",Sarasota,Florida,"52,107","58,285","6,178",11.9
"St. Peters city, Missouri",St. Peters,Missouri,"52,595","58,212","5,617",10.7
"Hendersonville city, Tennessee",Hendersonville,Tennessee,"51,333","58,113","6,780",13.2
"White Plains city, New York",White Plains,New York,"56,866","58,109","1,243",2.2
"Santee city, California",Santee,California,"53,420","58,081","4,661",8.7
"Kokomo city, Indiana",Kokomo,Indiana,"58,187","58,020",-167,-0.3
"Arcadia city, California",Arcadia,California,"56,303","57,939","1,636",2.9
"Casper city, Wyoming",Casper,Wyoming,"55,316","57,931","2,615",4.7
"Dubuque city, Iowa",Dubuque,Iowa,"57,605","57,882",277,0.5
"Orland Park village, Illinois",Orland Park,Illinois,"56,607","57,857","1,250",2.2
"Weymouth Town city, Massachusetts",Weymouth Town,Massachusetts,"53,762","57,746","3,984",7.4
"Hanford city, California",Hanford,California,"54,436","57,703","3,267",6.0
"Huntington Park city, California",Huntington Park,California,"58,125","57,509",-616,-1.1
"Taunton city, Massachusetts",Taunton,Massachusetts,"55,826","57,464","1,638",2.9
"Midwest City city, Oklahoma",Midwest City,Oklahoma,"54,370","57,407","3,037",5.6
"Medford city, Massachusetts",Medford,Massachusetts,"56,280","57,341","1,061",1.9
"Euless city, Texas",Euless,Texas,"51,263","57,197","5,934",11.6
"Shoreline city, Washington",Shoreline,Washington,"53,031","57,027","3,996",7.5
"Smyrna city, Georgia",Smyrna,Georgia,"51,037","56,666","5,629",11.0
"Pocatello city, Idaho",Pocatello,Idaho,"54,236","56,637","2,401",4.4
"Valdosta city, Georgia",Valdosta,Georgia,"54,764","56,457","1,693",3.1
"Carson City, Nevada",Carson City,Nevada,"55,269","55,916",647,1.2
"Lake Havasu City city, Arizona",Lake Havasu City,Arizona,"52,531","55,865","3,334",6.3
"Grand Forks city, North Dakota",Grand Forks,North Dakota,"52,920","55,839","2,919",5.5
"Blue Springs city, Missouri",Blue Springs,Missouri,"52,593","55,829","3,236",6.2
"Tinley Park village, Illinois",Tinley Park,Illinois,"56,827","55,773","-1,054",-1.9
"Diamond Bar city, California",Diamond Bar,California,"55,568","55,720",152,0.3
"New Brunswick city, New Jersey",New Brunswick,New Jersey,"54,500","55,676","1,176",2.2
"Novato city, California",Novato,California,"51,869","55,516","3,647",7.0
"Highland city, California",Highland,California,"53,106","55,417","2,311",4.4
"Fountain Valley city, California",Fountain Valley,California,"55,360","55,357",-3,-
"Dearborn Heights city, Michigan",Dearborn Heights,Michigan,"57,774","55,353","-2,421",-4.2
"Albany city, Oregon",Albany,Oregon,"50,142","55,338","5,196",10.4
"Chicopee city, Massachusetts",Chicopee,Massachusetts,"55,307","55,126",-181,-0.3
"Hempstead village, New York",Hempstead,New York,"54,018","55,113","1,095",2.0
"Oak Lawn village, Illinois",Oak Lawn,Illinois,"56,690","55,022","-1,668",-2.9
"Cathedral City city, California",Cathedral City,California,"51,230","55,007","3,777",7.4
"Stonecrest city, Georgia",Stonecrest,Georgia,"50,207","54,903","4,696",9.4
"Kettering city, Ohio",Kettering,Ohio,"56,129","54,855","-1,274",-2.3
"Colton city, California",Colton,California,"52,148","54,824","2,676",5.1
"Anderson city, Indiana",Anderson,Indiana,"56,082","54,765","-1,317",-2.3
"West Haven city, Connecticut",West Haven,Connecticut,"55,564","54,620",-944,-1.7
"Burlington city, North Carolina",Burlington,North Carolina,"51,079","54,606","3,527",6.9
"Manhattan city, Kansas",Manhattan,Kansas,"52,158","54,604","2,446",4.7
"Normal town, Illinois",Normal,Illinois,"52,549","54,469","1,920",3.7
"Decatur city, Alabama",Decatur,Alabama,"55,786","54,445","-1,341",-2.4
"Berwyn city, Illinois",Berwyn,Illinois,"56,653","54,391","-2,262",-4.0
"Port Arthur city, Texas",Port Arthur,Texas,"54,376","54,280",-96,-0.2
"Kingsport city, Tennessee",Kingsport,Tennessee,"52,997","54,127","1,130",2.1
"Rosemead city, California",Rosemead,California,"53,771","54,058",287,0.5
"Paramount city, California",Paramount,California,"54,098","53,955",-143,-0.3
"Rocky Mount city, North Carolina",Rocky Mount,North Carolina,"57,695","53,922","-3,773",-6.5
"Yucaipa city, California",Yucaipa,California,"51,347","53,921","2,574",5.0
"Watsonville city, California",Watsonville,California,"51,214","53,856","2,642",5.2
"Elyria city, Ohio",Elyria,Ohio,"54,526","53,757",-769,-1.4
"Mount Prospect village, Illinois",Mount Prospect,Illinois,"55,037","53,719","-1,318",-2.4
"Delano city, California",Delano,California,"53,044","53,573",529,1.0
"Bellevue city, Nebraska",Bellevue,Nebraska,"51,520","53,544","2,024",3.9
"Milford city (balance), Connecticut",Milford,Connecticut,"51,261","53,195","1,934",3.8
"Revere city, Massachusetts",Revere,Massachusetts,"51,713","53,073","1,360",2.6
"Peabody city, Massachusetts",Peabody,Massachusetts,"51,266","53,070","1,804",3.5
"Pensacola city, Florida",Pensacola,Florida,"52,008","52,975",967,1.9
"Wheaton city, Illinois",Wheaton,Illinois,"53,045","52,745",-300,-0.6
"Hoboken city, New Jersey",Hoboken,New Jersey,"50,020","52,677","2,657",5.3
"Oak Park village, Illinois",Oak Park,Illinois,"51,878","52,381",503,1.0
"Elkhart city, Indiana",Elkhart,Indiana,"51,908","52,358",450,0.9
"Glendora city, California",Glendora,California,"50,267","51,544","1,277",2.5
"Perth Amboy city, New Jersey",Perth Amboy,New Jersey,"50,827","51,390",563,1.1
"Placentia city, California",Placentia,California,"50,915","51,233",318,0.6
"La Crosse city, Wisconsin",La Crosse,Wisconsin,"51,343","51,227",-116,-0.2
"Battle Creek city, Michigan",Battle Creek,Michigan,"52,401","51,093","-1,308",-2.5
"Florissant city, Missouri",Florissant,Missouri,"52,260","50,952","-1,308",-2.5
"Hoffman Estates village, Illinois",Hoffman Estates,Illinois,"51,891","50,932",-959,-1.8
"Joplin city, Missouri",Joplin,Missouri,"50,798","50,925",127,0.3
"Lakewood city, Ohio",Lakewood,Ohio,"52,131","49,678","-2,453",-4.7
"Troy city, New York",Troy,New York,"50,162","49,154","-1,008",-2.0
"Saginaw city, Michigan",Saginaw,Michigan,"51,469","48,115","-3,354",-6.5
"Niagara Falls city, New York",Niagara Falls,New York,"50,031","47,720","-2,311",-4.6
"Charleston city, West Virginia",Charleston,West Virginia,"51,340","46,536","-4,804",-9.4
